21201015339,PA-440,
23101001373,PA-410,
23101001420,PA-410,
23101002133,PA-410,
23101002946,PA-410,
23201003705,PA-450,
204401012372,TG-40B,
214101042038,TG-100B,
220901022118,TG-50B,
222701022183,TG-50B,
7254000307324,PA-VM,
(주)에코비트 충주하수슬러지,AXGATE-80D,
1A30882S422A-008,Sniper ONE-i 2300,
20250701_록옵티스 목동IDC,AIWAF-200_Y20,
2227BA2069,WAPPLES 1600,
2229BA0864,WAPPLES 1600,
ACXN030002320016,AXGATE-3000,
ACXN030002320017,AXGATE-3000,
AK6N000902110169,AXGATE-90,
AK6N000902110529,AXGATE-90,
AK6N000902110882,AXGATE-90,
AK6N000902220046,AXGATE-90,
AK6N000902220403,AXGATE-90,
AK6N000902220405,AXGATE-90,
AK6N000902220712,AXGATE-90,
AK6N000902220713,AXGATE-90,
AK6N000902220714,AXGATE-90,
AK6N000902220715,AXGATE-90,
AK6N000902220749,AXGATE-90,
AK6N000902220750,AXGATE-90,
AK6N000902220751,AXGATE-90,
AK6N000902220752,AXGATE-90,
AK6N000902220753,AXGATE-90,
AK6N000902220910,AXGATE-90,
AK6N000902220911,AXGATE-90,
AK6N000902220912,AXGATE-90,
AK6N000902220913,AXGATE-90,
AK6N000902220914,AXGATE-90,
AK6N000902220947,AXGATE-90,
AK6N000902220948,AXGATE-90,
AK6N0009023B0032,AXGATE-90,
AK6N0009023B0033,AXGATE-90,
AK6N0009023B0034,AXGATE-90,
AK6N0009023B0035,AXGATE-90,
AK6N0009023B0036,AXGATE-90,
AK6N0009023B0098,AXGATE-90,
AK6N0009023B0099,AXGATE-90D,
AK6N0009023B0100,AXGATE-90,
AK6N0009023B0101,AXGATE-90,
AK6N0009023B0103,AXGATE-90,
AK6N0009023B0104,AXGATE-90,
AK6N0009023B0105,AXGATE-90,
AK6N0009023B0106,AXGATE-90,
AK6N0009023B0107,AXGATE-90,
AK6N0009023B0147,AXGATE-90,
AK6N0009023B0148,AXGATE-90,
AK6N0009023B0149,AXGATE-90,
AK6N0009023B0151,AXGATE-90,
AK6N0009023B0256,AXGATE-90,
AK6N0009023B0257,AXGATE-90,
AK6N0009023B0258,AXGATE-90,
AK6N0009023B0334,AXGATE-90,
AK6N0009023B0338,AXGATE-90,
AK6N0009023B0340,AXGATE-90,
AK6N0009023B0341,AXGATE-90,
AK6N0009023B0342,AXGATE-90,
AK6N0009024B0021,AXGATE-90,
AK6N0009024B0022,AXGATE-90,
AK6N0009024B0023,AXGATE-90,
AK6N0009024B0025,AXGATE-90,
AK6N0009024B0027,AXGATE-90,
AK6N0009024B0083,AXGATE-90,
AK6N0009024B0084,AXGATE-90,
AK6N0009024B0085,AXGATE-90,
AK6N0009024B0086,AXGATE-90,
AK6N0009024B0089,AXGATE-90,
AK6N0009024B0090,AXGATE-90,
AK6N0009024B0320,AXGATE-90,
AK6N0009024B0324,AXGATE-90,
AK6N0009024B0326,AXGATE-90,
AK6N0009024B0327,AXGATE-90,
AK6N0009024B0477,AXGATE-90,
AK6N0009024B0479,AXGATE-90,
AK6N0009024B0480,AXGATE-90D,
AK6N0009024B0481,AXGATE-90,
AK6N000902540058,AXGATE-90,
AK6N002002180681,AXGATE-200,
AK6N002002180684,AXGATE-200,
AK6N002002180686,AXGATE-90,
AK6N002002180786,AXGATE-200,
AK6N002002181209,AXGATE-200,
AK6N002002181211,AXGATE-200,
AK6N0020021A1043,AXGATE-200,
AK6N0020021A1044,AXGATE-200,
AK6N0020021A1046,AXGATE-200,
AK6N0020021A1048,AXGATE-200,
AK6N0020021A1173,AXGATE-200,
AK6N0020021A1174,AXGATE-200,
AK6N0020021A1175,AXGATE-200,
AK6N0020021A1302,AXGATE-200,
AK6N0020021A1303,AXGATE-200,
AK6N0020021A1304,AXGATE-200,
AK6N0020021A1305,AXGATE-200,
AK6N0020021A1306,AXGATE-200,
AK6N0020021A1879,AXGATE-200,
AK6N0020021B0139,AXGATE-200,
AK6N0020021B0140,AXGATE-200,
AK6N0020021B0141,AXGATE-200,
AK6N0020021B0142,AXGATE-200,
AK6N0020021B0143,AXGATE-200,
AK6N0020021B0144,AXGATE-200,
AK6N0020021B0145,AXGATE-200,
AK6N0020021B0146,AXGATE-200,
AK6N0020021B0147,AXGATE-200,
AK6N0020021B0597,AXGATE-200,
AK6N0020021B0598,AXGATE-200,
AK6N0020021B0601,AXGATE-200D,
AK6N0020021B0795,AXGATE-200,
AK6N0020021B0860,AXGATE-200,
AK6N0020021B0940,AXGATE-200,
AK6N0020021B0992,AXGATE-200,
AK6N0020021B0993,AXGATE-200,
AK6N0020021B0994,AXGATE-200,
AK6N0020021B0995,AXGATE-200,
AK6N0020021B0996,AXGATE-200,
AK6N0020021B0997,AXGATE-200,
AK6N0020021B0998,AXGATE-200,
AK6N0020021B0999,AXGATE-200,
AK6N0020021B1091,AXGATE-90,
AK6N0020021B1092,AXGATE-200,
AK6N0020021B1100,AXGATE-200,
AK6N0020021B1103,AXGATE-200,
AK6N0020021B1104,AXGATE-200,
AK6N0020021B1105,AXGATE-200,
AK6N0020021B1109,AXGATE-200,
AK6N0020021B1110,AXGATE-200,
AK6N0020021B1449,AXGATE-90,
AK6N0020021B1450,AXGATE-200,
AK6N0020021B1452,AXGATE-200,
AK6N0020021B1749,AXGATE-200,
AK6N0020021B1752,AXGATE-200,
AK6N0020021B1753,AXGATE-200,
AK6N0020021B1755,AXGATE-200,
AK6N0020021B1756,AXGATE-200,
AK6N0020021B1813,AXGATE-200,
AK6N0080D21B1532,AXGATE-80D,
AK6N0080D21B2839,AXGATE-80D,
AK6N0080D21B3495,AXGATE-80D,
AK6N0080D21B3496,AXGATE-80D,
AK6N0080D21B3498,AXGATE-80D,
AK6N0080D21B3499,AXGATE-80D,
AK6N0080D21B3500,AXGATE-80D,
AK6N0080D21B3501,AXGATE-80D,
AK6N0080D21B3502,AXGATE-80D,
AK6N0080D21B3503,AXGATE-80D,
AK6N0080D21B3504,AXGATE-80D,
AK6N0080D21B3505,AXGATE-80D,
AK6N0080D21B3506,AXGATE-80D,
AK6N0080D21B3507,AXGATE-80D,
AK6N0080D21B3508,AXGATE-80D,
AK6N0080D21B3509,AXGATE-80D,
AK6N0080D21B3510,AXGATE-80D,
AK6N0080D21B3511,AXGATE-80D,
AK6N0080D21B3512,AXGATE-80D,
AK6N0080D21B3513,AXGATE-80D,
AK6N0080D21B3514,AXGATE-80D,
AK6N0080D21B3515,AXGATE-80D,
AK6N0080D21B3516,AXGATE-80D,
AK6N0080D21B3517,AXGATE-80D,
AK6N0080D21B3518,AXGATE-80D,
AK6N0080D21B3519,AXGATE-80D,
AK6N0080D21B3520,AXGATE-80D,
AK6N0080D21B3521,AXGATE-80D,
AK6N0080D21B3522,AXGATE-80D,
AK6N0080D21B3523,AXGATE-80D,
AK6N0080D21B3524,AXGATE-80D,
AK6N0080D21B3525,AXGATE-80D,
AK6N0080D21B3526,AXGATE-80D,
AK6N0080D21B3527,AXGATE-80D,
AK6N0080D21B3528,AXGATE-80D,
AK6N0080D21B3529,AXGATE-80D,
AK6N0080D21B3530,AXGATE-80D,
AK6N0080D21B3531,AXGATE-80D,
AK6N0080D21B3532,AXGATE-80D,
AK6N0080D21B3533,AXGATE-80D,
AK6N0080D21B3534,AXGATE-80D,
AK6N0080D21B3535,AXGATE-80D,
AK6N0080D21B3536,AXGATE-80D,
AK6N0080D21B3537,AXGATE-80D,
AK6N0080D21B3538,AXGATE-80D,
AK6N0080D21B3539,AXGATE-80D,
AK6N0080D21B3540,AXGATE-80D,
AK6N0080D21B3541,AXGATE-80D,
AK6N0080D21B3542,AXGATE-80D,
AK6N0080D21B3543,AXGATE-80D,
AK6N0080D21B3544,AXGATE-80D,
AK6N0080D21B3545,AXGATE-80D,
AK6N0080D21B3546,AXGATE-80D,
AK6N0080D21B3547,AXGATE-80D,
AK6N0080D21B3548,AXGATE-80D,
AK6N0080D21B3549,AXGATE-80D,
AK6N0080D21B3550,AXGATE-80D,
AK6N0080D21B3551,AXGATE-80D,
AK6N0080D21B3552,AXGATE-80D,
AK6N0080D21B3553,AXGATE-80D,
AK6N0080D21B3554,AXGATE-80D,
AK6N0080D21B3555,AXGATE-80D,
AK6N0080D21B3556,AXGATE-80D,
AK6N0080D21B3557,AXGATE-80D,
AK6N0080D21B3558,AXGATE-80D,
AK6N0080D21B3559,AXGATE-80D,
AK6N0080D21B3560,AXGATE-80D,
AK6N0080D21B3561,AXGATE-80D,
AK6N0080D21B3562,AXGATE-80D,
AK6N0080D21B3563,AXGATE-80D,
AK6N0080D21B3564,AXGATE-80D,
AK6N0080D21B3565,AXGATE-80D,
AK6N0080D21B3566,AXGATE-80D,
AK6N0080D21B3567,AXGATE-80D,
AK6N0080D21B3568,AXGATE-80D,
AK6N0080D21B3569,AXGATE-80D,
AK6N0080D21B3570,AXGATE-80D,
AK6N0080D21B3571,AXGATE-80D,
AK6N0080D21B3572,AXGATE-80D,
AK6N0080D21B3573,AXGATE-80D,
AK6N0080D21B3574,AXGATE-80D,
AK6N0080D21B3575,AXGATE-80D,
AK6N0080D21B3576,AXGATE-80D,
AK6N0080D21B3577,AXGATE-80D,
AK6N0080D21B3578,AXGATE-80D,
AK6N0080D21B3579,AXGATE-80D,
AK6N0080D21B3580,AXGATE-80D,
AK6N0080D21B3581,AXGATE-80D,
AK6N0080D21B3582,AXGATE-80D,
AK6N0080D21B3583,AXGATE-80D,
AK6N0080D21B3584,AXGATE-80D,
AK6N0080D21B3585,AXGATE-80D,
AK6N0080D21B3586,AXGATE-80D,
AK6N0080D21B3587,AXGATE-80D,
AK6N0080D21B3588,AXGATE-80D,
AK6N0080D21B3691,AXGATE-80D,
AK6N0080D2351030,AXGATE-80,
AK6N0080D23C0032,AXGATE-80D,
AK6N0080D23C0033,AXGATE-80D,
AK6N0080D23C0034,AXGATE-80D,
AK6N0080D23C0035,AXGATE-80D,
AK6N0080D23C0037,AXGATE-80D,
AK6N009024B0029,AXGATE-90,
AK6NP02002170938,AXGATE-200,
AK6NP020022B0052,AXGATE-200,
AKKN1300S2420013,AXGATE-1300S,
AKXN0300S2160080,AXGATE-300S,
AKXN0300S21B0013,AXGATE-300S,
AKXN0300S21B0016,AXGATE-300S,
AKXN0300S21B0017,AXGATE-300S,
AKXN0300S21C0258,AXGATE-300S,
AKXN0300S21C0259,AXGATE-300S,
AKXN0300S2360073,AXGATE-300S,
AKXN0300S2380015,AXGATE-300S,
AKXN0300S23B0291,AXGATE-300S,
AKXN0300S2480194,AXGATE-300S,
AKXN0300S2480195,AXGATE-300S,
AKXN0300S24B0068,AXGATE-300S,
AKXN0300S2530055,AXGATE-300S,
AKXN1300S2320056,AXGATE-1300S,
AKXN1300S2360060,AXGATE-1300S,
AKXN1300S2530075,AXGATE-1300S,
AKXN1300S2530076,AXGATE-1300S,
AKXN2300M2230186,AXGATE-2300M,
AKXN2300M2230187,AXGATE-2300M,
AKXN2300S2090043,AXGATE-2300S,
AKXN2300S2390002,AXGATE-2300S,
AKXN2300S2390007,AXGATE-2300S,
AXKN0300S2380014,AXGATE-300S,
D1903899S0017,AIWAF-500,
D2300691S0030,ALWAF-500,
D2403011S0005,AIWAF-200,
FG100D3G15807461,FG-100D,
FG100ETK20018400,FG-100E,
FG100FTK21015990,FG-100F,
FG100FTK21031041,FG-100F,
FG100FTK21031166,FG-100F,
FG100FTK21048341,FG-100F,
FG100FTK22006449,FG-100F,
FG100FTK22006461,FG-100F,
FG100FTK22039696,FG-100F,
FG100FTK22041777,FG-100F,
FG100FTK22041847,FG-100F,
FG100FTK22041850,FG-100F,
FG100FTK22041884,FG-100F,
FG100FTK22041913,FG-100F,
FG100FTK22041968,FG-100F,
FG100FTK22041976,FG-100F,
FG100FTK22041988,FG-100F,
FG100FTK22042002,FG-100F,
FG100FTK22062682,FG-100F,
FG100FTK22062947,FG-100F,
FG100FTK22063211,FG-100F,
FG100FTK22063409,FG-100F,
FG100FTK22063459,FG-100F,
FG100FTK23028266,FG-100F,
FG100FTK23031646,FG-100F,
FG100FTK23049382,FG-100F,
FG100FTK23050076,FG-100F,
FG100FTK23050198,FG-100F,
FG100FTK23050422,FG-100F,
FG100FTK23050423,FG-100F,
FG100FTK23050506,FG-100F,
FG100FTK23050523,FG-100F,
FG100FTK23050622,FG-100F,
FG100FTK23050711,FG-100F,
FG100FTK23050775,FG-100F,
FG100FTK23050893,FG-100F,
FG100FTK23050949,FG-100F,
FG100FTK23063061,FG-100F,
FG100FTK23063144,FG-100F,
FG100FTK23074974,FG-100F,
FG100FTK23074974(1),FG-100F,
FG100FTK24003793,FG-100F,
FG100FTK24004081,FG-100F,
FG100FTK24004711,FG-100F,
FG100FTK24011278,FG-100F,
FG100FTK24012779,FG-100F,
FG100FTK24013943,FG-100F,
FG100FTK24016250,FG-100F,
FG101FTK21009835,FG-101F,
FG101FTK21028683,FG-101F,
FG101FTK22012874,FG-101F,
FG101FTK22016763,FG-101F,
FG101FTK23012290,FG-101F,
FG101FTK23012707,FG-101F,
FG101FTK23012770,FG-101F,
FG101FTK24014554,FG-101F,
FG200D4Q16819407,FG-200D,
FG200D4Q16820911,FG-200D,
FG200FT921908401,FG-200F,
FG200FT921915199,FG-200F,
FG200FT922901583,FG-200F,
FG200FT922901704,FG-200F,
FG200FT922901787,FG-200F,
FG200FT922912155,FG-200F,
FG200FT924903002,FG-200F,
FG201FT921907885,FG-201F,
FG4H1FT923901371,FG-401F,
FG4H1FT923901380,FG-401F,
FG5H1E5819906778,FG-501E,
FG5H1E5819906848,FG-501E,
FG6H1FTB23901043,FG-601F,
FG6H1FTB23901771,FG-601F,
FG6H1FTB23901845,FG-601F,
FGT40FTK21094560,FG-40F,
FGT40FTK21094626,FG-40F,
FGT40FTK21094765,FG-40F,
FGT40FTK21095072,FG-40F,
FGT40FTK21095221,FG-40F,
FGT40FTK21095621,FG-40F,
FGT40FTK2109ACK0,FG-40F,
FGT40FTK2109ACNK,FG-40F,
FGT40FTK2109ACR7,FG-40F,
FGT40FTK2109ACYR,FG-40F,
FGT40FTK2109ADCE,FG-40F,
FGT40FTK2109ADHD,FG-40F,
FGT40FTK2109ADHQ,FG-40F,
FGT40FTK2109AE4B,FG-40F,
FGT40FTK2109AE7K,FG-40F,
FGT40FTK2109AFNH,FG-40F,
FGT40FTK2109AGDE,FG-40F,
FGT40FTK2109BBLR,FG-40F,
FGT40FTK2109BBX2,FG-40F,
FGT40FTK2109C95T,FG-40F,
FGT40FTK2109CA3S,FG-40F,
FGT40FTK22014722,FG-40F,
FGT40FTK2209A8MG,FG-40F,
FGT40FTK2209B6S2,FG-40F,
FGT40FTK2209B6WN,FG-40F,
FGT40FTK2209BDPD,FG-40F,
FGT40FTK2209C0PZ,FG-40F,
FGT40FTK2209C9KC,FG-40F,
FGT40FTK2209C9LU,FG-40F,
FGT40FTK2209CERM,FG-40F,
FGT40FTK2209CFCD,FG-40F,
FGT40FTK2209CG8W,FG-40F,
FGT40FTK2209CGF2,FG-40F,
FGT40FTK2209CSHN,FG-40F,
FGT40FTK2209CTK6,FG-40F,
FGT40FTK2209CTK7,FG-40F,
FGT40FTK2209CU95,FG-40F,
FGT40FTK2209CV64,FG-40F,
FGT40FTK2209DAFJ,FG-40F,
FGT40FTK2209F8E9,FG-40F,
FGT40FTK2209F8EA,FG-40F,
FGT40FTK2209F8WX,FG-40F,
FGT40FTK2209F8XG,FG-40F,
FGT40FTK2209F8XH,FG-40F,
FGT40FTK2209F8YG,FG-40F,
FGT40FTK2209F8YL,FG-40F,
FGT40FTK2209F8ZF,FG-40F,
FGT40FTK2209F91M,FG-40F,
FGT40FTK2209FB0C,FG-40F,
FGT40FTK2209FB0K,FG-40F,
FGT40FTK2209FB0L,FG-40F,
FGT40FTK2209FB0L,FG-40F,
FGT40FTK2209FB2G,FG-40F,
FGT40FTK2209FB7T,FG-40F,
FGT40FTK2209FBC3,FG-40F,
FGT40FTK2209FBC4,FG-40F,
FGT40FTK2209FBC5,FG-40F,
FGT40FTK2209FBCN,FG-40F,
FGT40FTK2209FBD5,FG-40F,
FGT40FTK2209FBDF,FG-40F,
FGT40FTK2209FBJ2,FG-40F,
FGT40FTK2209FBJ4,FG-40F,
FGT40FTK2209FBJ6,FG-40F,
FGT40FTK2209FBJ7,FG-40F,
FGT40FTK2209FBK6,FG-40F,
FGT40FTK2209FBM4,FG-40F,
FGT40FTK2209FBM9,FG-40F,
FGT40FTK2209FBVG,FG-40F,
FGT40FTK2209FBVQ,FG-40F,
FGT40FTK2209FBZH,FG-40F,
FGT40FTK2209FBZJ,FG-40F,
FGT40FTK2209FDFT,FG-40F,
FGT40FTK2209FDGG,FG-40F,
FGT40FTK2209FG5M,FG-40F,
FGT40FTK2209FG65,FG-40F,
FGT40FTK2209FG6K,FG-40F,
FGT40FTK2209FG6L,FG-40F,
FGT40FTK2209FG98,FG-40F,
FGT40FTK2209FGEK,FG-40F,
FGT40FTK2209FGFW,FG-40F,
FGT40FTK2209FGHB,FG-40F,
FGT40FTK2209FGHC,FG-40F,
FGT40FTK2209FGKV,FG-40F,
FGT40FTK2209FGL5,FG-40F,
FGT40FTK2209FGMF,FG-40F,
FGT40FTK2209FGP5,FG-40F,
FGT40FTK2209FGPD,FG-40F,
FGT40FTK2209FGPG,FG-40F,
FGT40FTK2209FGQ8,FG-40F,
FGT40FTK2209FGQF,FG-40F,
FGT40FTK2209FGR9,FG-40F,
FGT40FTK2209FGRL,FG-40F,
FGT40FTK2209FGRW,FG-40F,
FGT40FTK2209FGU1,FG-40F,
FGT40FTK2209FGUK,FG-40F,
FGT40FTK2209FGV9,FG-40F,
FGT40FTK2209FGVK,FG-40F,
FGT40FTK2209FGWR,FG-40F,
FGT40FTK2209FGXA,FG-40F,
FGT40FTK2209FGZK,FG-40F,
FGT40FTK2209GHF7,FG-40F,
FGT40FTK2209GHFK,FG-40F,
FGT40FTK2209GHQA,FG-40F,
FGT40FTK2209GHR1,FG-40F,
FGT40FTK2209GHT3,FG-40F,
FGT40FTK2209GJ43,FG-40F,
FGT40FTK2209GJG4,FG-40F,
FGT40FTK2209GJKG,FG-40F,
FGT40FTK2209GKTX,FG-40F,
FGT40FTK2209GKTX,FG-40F,
FGT40FTK23004968,FG-40F,
FGT40FTK23006140,FG-40F,
FGT40FTK23010247,FG-40F,
FGT40FTK23010578,FG-40F,
FGT40FTK23010964,FG-40F,
FGT40FTK23011195,FG-40F,
FGT40FTK23011659,FG-40F,
FGT40FTK23012161,FG-40F,
FGT40FTK23012844,FG-40F,
FGT40FTK23013528,FG-40F,
FGT40FTK23013862,FG-40F,
FGT40FTK23014284,FG-40F,
FGT40FTK23014816,FG-40F,
FGT40FTK23015656,FG-40F,
FGT40FTK23016095,FG-40F,
FGT40FTK23016837,FG-40F,
FGT40FTK23016892,FG-40F,
FGT40FTK23017171,FG-40F,
FGT40FTK23017637,FG-40F,
FGT40FTK23017864,FG-40F,
FGT40FTK23017954,FG-40F,
FGT40FTK23018060,FG-40F,
FGT40FTK23018085,FG-40F,
FGT40FTK23018116,FG-40F,
FGT40FTK23018203,FG-40F,
FGT40FTK23018529,FG-40F,
FGT40FTK23019829,FG-40F,
FGT40FTK23022449,FG-40F,
FGT40FTK23022670,FG-40F,
FGT40FTK23022899,FG-40F,
FGT40FTK23023619,FG-40F,
FGT40FTK23023916,FG-40F,
FGT40FTK23023949,FG-40F,
FGT40FTK23024009,FG-40F,
FGT40FTK23024193,FG-40F,
FGT40FTK23024194,FG-40F,
FGT40FTK23024905,FG-40F,
FGT40FTK23025092,FG-40F,
FGT40FTK23025440,FG-40F,
FGT40FTK23025724,FG-40F,
FGT40FTK23025885,FG-40F,
FGT40FTK23026151,FG-40F,
FGT40FTK23026175,FG-40F,
FGT40FTK23026204,FG-40F,
FGT40FTK23026275,FG-40F,
FGT40FTK23026769,FG-40F,
FGT40FTK23026841,FG-40F,
FGT40FTK23026882,FG-40F,
FGT40FTK23026886,FG-40F,
FGT40FTK23026899,FG-40F,
FGT40FTK23026975,FG-40F,
FGT40FTK23026996,FG-40F,
FGT40FTK23027116,FG-40F,
FGT40FTK23027513,FG-40F,
FGT40FTK23027601,FG-40F,
FGT40FTK23027695,FG-40F,
FGT40FTK23027901,FG-40F,
FGT40FTK23027901,FG-40F,
FGT40FTK23027919,FG-40F,
FGT40FTK23027962,FG-40F,
FGT40FTK23028162,FG-40F,
FGT40FTK23028481,FG-40F,
FGT40FTK23029074,FG-40F,
FGT40FTK23029126,FG-40F,
FGT40FTK23029229,FG-40F,
FGT40FTK23029405,FG-40F,
FGT40FTK23029908,FG-40F,
FGT40FTK23029924,FG-40F,
FGT40FTK23029995,FG-40F,
FGT40FTK23030234,FG-40F,
FGT40FTK23030251,FG-40F,
FGT40FTK23053755,FG-40F,
FGT40FTK23053818,FG-40F,
FGT40FTK23053869,FG-40F,
FGT40FTK23053870,FG-40F,
FGT40FTK23054166,FG-40F,
FGT40FTK23054206,FG-40F,
FGT40FTK23054250,FG-40F,
FGT40FTK23054374,FG-40F,
FGT40FTK23054376,FG-40F,
FGT40FTK23054573,FG-40F,
FGT40FTK23054576,FG-40F,
FGT40FTK23054578,FG-40F,
FGT40FTK23054579,FG-40F,
FGT40FTK23054589,FG-40F,
FGT40FTK23054595,FG-40F,
FGT40FTK23054598,FG-40F,
FGT40FTK23054609,FG-40F,
FGT40FTK23054634,FG-40F,
FGT40FTK23054639,FG-40F,
FGT40FTK23054640,FG-40F,
FGT40FTK23054681,FG-40F,
FGT40FTK23054718,FG-40F,
FGT40FTK23054747,FG-40F,
FGT40FTK23054754,FG-40F,
FGT40FTK23054756,FG-40F,
FGT40FTK23054849,FG-40F,
FGT40FTK23054958,FG-40F,
FGT40FTK23054995,FG-40F,
FGT40FTK23055121,FG-40F,
FGT40FTK23055167,FG-40F,
FGT40FTK23055185,FG-40F,
FGT40FTK23055190,FG-40F,
FGT40FTK23055190,FG-40F,
FGT40FTK23055203,FG-40F,
FGT40FTK23087084,FG-40F,
FGT40FTK23087157,FG-40F,
FGT40FTK23087243,FG-40F,
FGT40FTK23087361,FG-40F,
FGT40FTK23087381,FG-40F,
FGT40FTK23087381,FG-40F,
FGT40FTK23087401,FG-40F,
FGT40FTK23087751,FG-40F,
FGT40FTK23087765,FG-40F,
FGT40FTK23087859,FG-40F,
FGT40FTK23088472,FG-40F,
FGT40FTK23089002,FG-40F,
FGT40FTK23089354,FG-40F,
FGT40FTK23090621,FG-40F,
FGT40FTK23090776,FG-40F,
FGT40FTK23091834,FG-40F,
FGT40FTK23091858,FG-40F,
FGT40FTK23092015,FG-40F,
FGT40FTK23092254,FG-40F,
FGT40FTK23092389,FG-40F,
FGT40FTK23092420,FG-40F,
FGT40FTK23092809,FG-40F,
FGT40FTK23093656,FG-40F,
FGT40FTK23093875,FG-40F,
FGT40FTK23094170,FG-40F,
FGT40FTK23094184,FG-40F,
FGT40FTK2309AWVS,FG-40F,
FGT40FTK2309AXGW,FG-40F,
FGT40FTK2309AY21,FG-40F,
FGT40FTK2309AY3N,FG-40F,
FGT40FTK2309AY5A,FG-40F,
FGT40FTK2309AY7D,FG-40F,
FGT40FTK2309B0MG,FG-40F,
FGT40FTK2309B0MU,FG-40F,
FGT40FTK2309B0MW,FG-40F,
FGT40FTK2309B0PP,FG-40F,
FGT40FTK2309B0VL,FG-40F,
FGT40FTK2309D9EM,FG-40F,
FGT40FTK2309D9F6,FG-40F,
FGT40FTK2309D9GM,FG-40F,
FGT40FTK2309D9TQ,FG-40F,
FGT40FTK2309D9WZ,FG-40F,
FGT40FTK2309D9X1,FG-40F,
FGT40FTK2309D9XF,FG-40F,
FGT40FTK2309D9ZC,FG-40F,
FGT40FTK2309DA5T,FG-40F,
FGT40FTK2309DAA2,FG-40F,
FGT40FTK2309DABY,FG-40F,
FGT40FTK2309DACQ,FG-40F,
FGT40FTK2309DAH0,FG-40F,
FGT40FTK2309DAHT,FG-40F,
FGT40FTK2309DAM3,FG-40F,
FGT40FTK2309DAQ7,FG-40F,
FGT40FTK2309DE7M,FG-40F,
FGT40FTK2309E84X,FG-40F,
FGT40FTK2309E87D,FG-40F,
FGT40FTK2309E8DQ,FG-40F,
FGT40FTK2309E8QX,FG-40F,
FGT40FTK2309E974,FG-40F,
FGT40FTK2309E9CW,FG-40F,
FGT40FTK2309E9JA,FG-40F,
FGT40FTK2309ECCL,FG-40F,
FGT40FTK2309ECDW,FG-40F,
FGT40FTK2309ECEL,FG-40F,
FGT40FTK2309ECET,FG-40F,
FGT40FTK2309ECGW,FG-40F,
FGT40FTK2309ECLU,FG-40F,
FGT40FTK2309ECR7,FG-40F,
FGT40FTK2309ED26,FG-40F,
FGT40FTK2309ED2X,FG-40F,
FGT40FTK2309ED30,FG-40F,
FGT40FTK2309ED5H,FG-40F,
FGT40FTK2309ED8U,FG-40F,
FGT40FTK2309ED95,FG-40F,
FGT40FTK2309EFJS,FG-40F,
FGT40FTK2309EL2F,FG-40F,
FGT40FTK2309EL2Q,FG-40F,
FGT40FTK2309EM3Z,FG-40F,
FGT40FTK2309EMC3,FG-40F,
FGT40FTK2309EMCW,FG-40F,
FGT40FTK2309EMJ2,FG-40F,
FGT40FTK2309EMJ4,FG-40F,
FGT40FTK2309EMK8,FG-40F,
FGT40FTK2309EMK9,FG-40F,
FGT40FTK2309EMKG,FG-40F,
FGT40FTK2309EMNL,FG-40F,
FGT40FTK2309EMNM,FG-40F,
FGT40FTK2309EMPY,FG-40F,
FGT40FTK2309EMRX,FG-40F,
FGT40FTK2309EMSU,FG-40F,
FGT40FTK2309EMV2,FG-40F,
FGT40FTK2309EMXL,FG-40F,
FGT40FTK2309EN6P,FG-40F,
FGT40FTK2309ENH5,FG-40F,
FGT40FTK2309F1EB,FG-40F,
FGT40FTK2309F1VF,FG-40F,
FGT40FTK2309F3BH,FG-40F,
FGT40FTK2309F3BH,FG-40F,
FGT40FTK2309F3SY,FG-40F,
FGT40FTK2309F3TK,FG-40F,
FGT40FTK2309F3UA,FG-40F,
FGT40FTK2309F3UU,FG-40F,
FGT40FTK2309F3UY-osstem,FG-40F,
FGT40FTK2309F3VL,FG-40F,
FGT40FTK2309F3WA,FG-40F,
FGT40FTK2309F3ZK,FG-40F,
FGT40FTK2309F422,FG-40F,
FGT40FTK2309F452,FG-40F,
FGT40FTK2309F459,FG-40F,
FGT40FTK2309F49N,FG-40F,
FGT40FTK2309F9ZB,FG-40F,
FGT40FTK2309FA4P,FG-40F,
FGT40FTK2309FASC,FG-40F,
FGT40FTK2309FAW1,FG-40F,
FGT40FTK2309FBRD,FG-40F,
FGT40FTK2309FEPY,FG-40F,
FGT40FTK2309FEUQ,FG-40F,
FGT40FTK2309FF9X,FG-40F,
FGT40FTK2309FFL9,FG-40F,
FGT40FTK2309FG1B,FG-40F,
FGT40FTK2309FGFY,FG-40F,
FGT40FTK2309FGQ6,FG-40F,
FGT40FTK2309FGRR,FG-40F,
FGT40FTK2309FGTW,FG-40F,
FGT40FTK2309FGV7,FG-40F,
FGT40FTK2309FGV9,FG-40F,
FGT40FTK2309FGZ8,FG-40F,
FGT40FTK2309FGZK,FG-40F,
FGT40FTK2309FH00,FG-40F,
FGT40FTK2309FH41,FG-40F,
FGT40FTK2309G33R,FG-40F,
FGT40FTK2309G3AG,FG-40F,
FGT40FTK2309G3B4,FG-40F,
FGT40FTK2309G3ZQ,FG-40F,
FGT40FTK2309G3ZV,FG-40F,
FGT40FTK2309G40X,FG-40F,
FGT40FTK2309G41L,FG-40F,
FGT40FTK2309G5MS,FG-40F,
FGT40FTK2309G5TH,FG-40F,
FGT40FTK2309G5V9,FG-40F,
FGT40FTK2309G7TF,FG-40F,
FGT40FTK2309G9DZ,FG-40F,
FGT40FTK2309G9E1,FG-40F,
FGT40FTK2309G9LW,FG-40F,
FGT40FTK2309G9MP,FG-40F,
FGT40FTK2309GA7D,FG-40F,
FGT40FTK2309GA9Q,FG-40F,
FGT40FTK2309GAPA,FG-40F,
FGT40FTK24001815,FG-40F,
FGT40FTK24003317,FG-40F,
FGT40FTK24003317,FG-40F,
FGT40FTK24003318,FG-40F,
FGT40FTK24003328,FG-40F,
FGT40FTK24003431,FG-40F,
FGT40FTK24003621,FG-40F,
FGT40FTK24003757,FG-40F,
FGT40FTK24003917,FG-40F,
FGT40FTK24003940,FG-40F,
FGT40FTK24003977,FG-40F,
FGT40FTK24004329,FG-40F,
FGT40FTK24004568,FG-40F,
FGT40FTK24022746,FG-40F,
FGT40FTK24027404,FG-40F,
FGT40FTK24028340,FG-40F,
FGT40FTK24028587,FG-40F,
FGT40FTK24033466,FG-40F,
FGT40FTK24036526,FG-40F,
FGT40FTK24036954,FG-40F,
FGT40FTK24037781,FG-40F,
FGT40FTK24039542,FG-40F,
FGT40FTK24047612,FG-40F,
FGT40FTK24048890,FG-40F,
FGT40FTK24067174,FG-40F,
FGT40FTK24068627,FG-40F,
FGT40FTK24068641,FG-40F,
FGT40FTK24068708,FG-40F,
FGT40FTK24068713,FG-40F,
FGT40FTK24068765,FG-40F,
FGT40FTK24068791,FG-40F,
FGT40FTK24068802,FG-40F,
FGT40FTK24068807,FG-40F,
FGT40FTK24069044,FG-40F,
FGT40FTK24069081,FG-40F,
FGT40FTK24069126,FG-40F,
FGT40FTK24069128,FG-40F,
FGT40FTK24069145,FG-40F,
FGT40FTK24069146,FG-40F,
FGT40FTK24069247,FG-40F,
FGT40FTK24069354,FG-40F,
FGT40FTK24069357,FG-40F,
FGT40FTK24069589,FG-40F,
FGT40FTK24069929,FG-40F,
FGT40FTK24097801,FG-40F,
FGT40FTK24098075,FG-40F,
FGT40FTK24098161,FG-40F,
FGT40FTK24098201,FG-40F,
FGT40FTK24098216,FG-40F,
FGT40FTK24098252,FG-40F,
FGT40FTK24098367,FG-40F,
FGT40FTK24098544,FG-40F,
FGT40FTK24099156,FG-40F,
FGT40FTK240999KC,FG-40F,
FGT40FTK240999M7,FG-40F,
FGT40FTK240999PT,FG-40F,
FGT40FTK24099CBC,FG-40F,
FGT40FTK24099CRP,FG-40F,
FGT40FTK24099DPX,FG-40F,
FGT40FTK24099KZF,FG-40F,
FGT40FTK24099L0U,FG-40F,
FGT40FTK24099L4B,FG-40F,
FGT40FTK24099LFQ,FG-40F,
FGT40FTK24099LPQ,FG-40F,
FGT40FTK24099LRW,FG-40F,
FGT40FTK24099LS6,FG-40F,
FGT40FTK24099LT8,FG-40F,
FGT40FTK24099LVD,FG-40F,
FGT40FTK24099LVF,FG-40F,
FGT40FTK24099LVJ,FG-40F,
FGT40FTK24099MPW,FG-40F,
FGT40FTK24099MQP,FG-40F,
FGT40FTK2409A5DE,FG-40F,
FGT40FTK2409A5DH,FG-40F,
FGT40FTK2409A9G3,FG-40F,
FGT40FTK2409A9KX,FG-40F,
FGT40FTK2409A9M1,FG-40F,
FGT40FTK2409A9QG,FG-40F,
FGT40FTK2409A9QM,FG-40F,
FGT40FTK2409A9R1,FG-40F,
FGT40FTK2409A9SD,FG-40F,
FGT40FTK2409A9SH,FG-40F,
FGT40FTK2409AA5M,FG-40F,
FGT40FTK2409AALF,FG-40F,
FGT40FTK2409AAMK,FG-40F,
FGT40FTK2409AAND,FG-40F,
FGT40FTK2409AAP2,FG-40F,
FGT40FTK2409AAU6,FG-40F,
FGT40FTK2409AFBY,FG-40F,
FGT40FTK2409AFP7,FG-40F,
FGT40FTK2409AKW1,FG-40F,
FGT40FTK2409AKW5,FG-40F,
FGT40FTK2409AL0G,FG-40F,
FGT40FTK2409AL1U,FG-40F,
FGT40FTK2409AL46,FG-40F,
FGT40FTK2409AL4Q,FG-40F,
FGT40FTK2409AL9A,FG-40F,
FGT40FTK2409AL9G,FG-40F,
FGT40FTK2409AL9Y,FG-40F,
FGT40FTK2409ALC4,FG-40F,
FGT40FTK2409ALDA,FG-40F,
FGT40FTK2409ALH4,FG-40F,
FGT40FTK2409ALHU,FG-40F,
FGT40FTK2409ALJ4,FG-40F,
FGT40FTK2409ALJJ,FG-40F,
FGT40FTK2409ALKF,FG-40F,
FGT40FTK2409ALMC,FG-40F,
FGT40FTK2409ALPY,FG-40F,
FGT40FTK2409ALT8,FG-40F,
FGT40FTK2409ALV6,FG-40F,
FGT40FTK2409ALWN,FG-40F,
FGT40FTK2409ALWX,FG-40F,
FGT40FTK2409AM0V,FG-40F,
FGT40FTK2409AM0X,FG-40F,
FGT40FTK2409AM0Y,FG-40F,
FGT40FTK2409AM32,FG-40F,
FGT40FTK2409AM35,FG-40F,
FGT40FTK2409AM3C,FG-40F,
FGT40FTK2409AM45,FG-40F,
FGT40FTK2409AM4H,FG-40F,
FGT40FTK2409AM4Q,FG-40F,
FGT40FTK2409AM5S,FG-40F,
FGT40FTK2409AM5T,FG-40F,
FGT40FTK2409AM8L,FG-40F,
FGT40FTK2409AMAB,FG-40F,
FGT40FTK2409AMLX,FG-40F,
FGT40FTK2409AMQJ,FG-40F,
FGT40FTK2409AXV8,FG-40F,
FGT40FTK2409AYNG,FG-40F,
FGT40FTK2409AYPR,FG-40F,
FGT40FTK2409AYVA,FG-40F,
FGT40FTK2409AYVB,FG-40F,
FGT40FTK2409AZ1S,FG-40F,
FGT40FTK2409AZ1T,FG-40F,
FGT40FTK2409AZ3D,FG-40F,
FGT40FTK2409AZ4W,FG-40F,
FGT40FTK2409C8Z2,FG-40F,
FGT50E3U16036959,FG-50E,
FGT50E3U16040572,FG-50E,
FGT50E5619019750,FG-50E,
FGT50E5619019782,FG-50E,
FGT50E5619019790,FG-50E,
FGT50E5619021408,FG-50E,
FGT50E5619025633,FG-50E,
FGT50E5619025645,FG-50E,
FGT50E5619025650,FG-50E,
FGT50E5619025653,FG-50E,
FGT50E5619025655,FG-50E,
FGT50E5619025656,FG-50E,
FGT50E5619025676,FG-50E,
FGT50E5619025677,FG-50E,
FGT50E5619025679,FG-50E,
FGT50E5619025682,FG-50E,
FGT50E5619025686,FG-50E,
FGT50E5619025688,FG-50E,
FGT50E5619025692,FG-50E,
FGT50E5619025694,FG-50E,
FGT50E5619025701,FG-50E,
FGT50E5619025710,FG-50E,
FGT50E5619025711,FG-50E,
FGT50E5619025712,FG-50E,
FGT50E5619025733,FG-50E,
FGT50E5619025735,FG-50E,
FGT50E5619025736,FG-50E,
FGT50E5619025738,FG-50E,
FGT50E5619025743,FG-50E,
FGT50E5619025754,FG-50E,
FGT50E5619025757,FG-50E,
FGT50E5619025761,FG-50E,
FGT50E5619025763,FG-50E,
FGT50E5619025764,FG-50E,
FGT50E5619025765,FG-50E,
FGT50E5619025766,FG-50E,
FGT50E5619025767,FG-50E,
FGT50E5619025770,FG-50E,
FGT50E5619025772,FG-50E,
FGT50E5619025773,FG-50E,
FGT50E5619025776,FG-50E,
FGT50E5619025779,FG-50E,
FGT50E5619025782,FG-50E,
FGT50E5619025783,FG-50E,
FGT50E5619025784,FG-50E,
FGT50E5619025787,FG-50E,
FGT50E5619025790,FG-50E,
FGT50E5619025792,FG-50E,
FGT50E5619025805,FG-50E,
FGT50E5619025807,FG-50E,
FGT50E5619025808,FG-50E,
FGT50E5619025809,FG-50E,
FGT50E5619025811,FG-50E,
FGT50E5619025812,FG-50E,
FGT50E5619025815,FG-50E,
FGT50E5619025816,FG-50E,
FGT50E5619025817,FG-50E,
FGT50E5619025819,FG-50E,
FGT50E5619025835,FG-50E,
FGT50E5619025838,FG-50E,
FGT50E5619025839,FG-50E,
FGT50E5619025842,FG-50E,
FGT50E5619025852,FG-50E,
FGT50E5619025889,FG-50E,
FGT50E5619025895,FG-50E,
FGT50E5619025993,FG-50E,
FGT50E5619027333,FG-50E,
FGT50E5619029524,FG-50E,
FGT50E5619033593,FG-50E,
FGT50E5619033600,FG-50E,
FGT50E5619033675,FG-50E,
FGT50E5619033676,FG-50E,
FGT50E5619033677,FG-50E,
FGT50E5619033678,FG-50E,
FGT50E5619033680,FG-50E,
FGT50E5619033681,FG-50E,
FGT50E5619033690,FG-50E,
FGT50E5619033693,FG-50E,
FGT50E5619033696,FG-50E,
FGT50E5619033703,FG-50E,
FGT50E5619033727,FG-50E,
FGT50E5619033736,FG-50E,
FGT50E5619033745,FG-50E,
FGT50E5619033746,FG-50E,
FGT50E5619033747,FG-50E,
FGT50E5619033750,FG-50E,
FGT50E5619033753,FG-50E,
FGT50E5619033755,FG-50E,
FGT50E5619033757,FG-50E,
FGT50E5619033782,FG-50E,
FGT50E5619033805,FG-50E,
FGT50E5619033809,FG-50E,
FGT50E5619033892,FG-50E,
FGT50E5619033923,FG-50E,
FGT50E5619033926,FG-50E,
FGT50E5619033936,FG-50E,
FGT50E5619033939,FG-50E,
FGT50E5619033946,FG-50E,
FGT50E5619033949,FG-50E,
FGT50E5619033995,FG-50E,
FGT50E5619033998,FG-50E,
FGT50E5619034002,FG-50E,
FGT50E5619034008,FG-50E,
FGT50E5619034010,FG-50E,
FGT50E5619034011,FG-50E,
FGT50E5619034014,FG-50E,
FGT50E5619034017,FG-50E,
FGT50E5619034027,FG-50E,
FGT50E5619034029,FG-50E,
FGT50E5619034032,FG-50E,
FGT50E5619034039,FG-50E,
FGT50E5619034042,FG-50E,
FGT50E5619034049,FG-50E,
FGT50E5619034050,FG-50E,
FGT50E5619034052,FG-50E,
FGT50E5619034054,FG-50E,
FGT50E5619034055,FG-50E,
FGT50E5619034061,FG-50E,
FGT50E5619034062,FG-50E,
FGT50E5619034085,FG-50E,
FGT50E5619034111,FG-50E,
FGT50E5619034134,FG-50E,
FGT50E5619034135,FG-50E,
FGT50E5619034139,FG-50E,
FGT50E5619034140,FG-50E,
FGT50E5619034144,FG-50E,
FGT50E5619034145,FG-50E,
FGT50E5619034146,FG-50E,
FGT50E5619034149,FG-50E,
FGT50E5619034158,FG-50E,
FGT50E5619034159,FG-50E,
FGT50E5619034160,FG-50E,
FGT50E5619034161,FG-50E,
FGT50E5619034165,FG-50E,
FGT50E5619034178,FG-50E,
FGT50E5619034190,FG-50E,
FGT50E5619034199,FG-50E,
FGT50E5619034201,FG-50E,
FGT50E5619034209,FG-50E,
FGT50E5619034212,FG-50E,
FGT50E5619034227,FG-50E,
FGT50E5619034230,FG-50E,
FGT50E5619034267,FG-50E,
FGT50E5619034269,FG-50E,
FGT50E5619034272,FG-50E,
FGT50E5619034274,FG-50E,
FGT50E5619034277,FG-50E,
FGT50E5619034278,FG-50E,
FGT50E5619034283,FG-50E,
FGT50E5619034285,FG-50E,
FGT50E5619034286,FG-50E,
FGT50E5619034295,FG-50E,
FGT50E5619034307,FG-50E,
FGT50E5619034337,FG-50E,
FGT50E5619034338,FG-50E,
FGT50E5619034351,FG-50E,
FGT50E5619034359,FG-50E,
FGT50E5619035785,FG-50E,
FGT50E5619035930,FG-50E,
FGT50E5619035987,FG-50E,
FGT50E5619036079,FG-50E,
FGT50E5619036118,FG-50E,
FGT50E5619036210,FG-50E,
FGT50E5619036215,FG-50E,
FGT50E5619036223,FG-50E,
FGT50E5619036235,FG-50E,
FGT50E5619036247,FG-50E,
FGT50E5619036258,FG-50E,
FGT50E5619036301,FG-50E,
FGT50E5619036346,FG-50E,
FGT50E5619036349,FG-50E,
FGT50E5619036358,FG-50E,
FGT50E5619036371,FG-50E,
FGT50E5619036374,FG-50E,
FGT50E5619036473,FG-50E,
FGT50E5619036475,FG-50E,
FGT50E5619036477,FG-50E,
FGT50E5619036733,FG-50E,
FGT50E5619037157,FG-50E,
FGT50E5619038033,FG-50E,
FGT50E5619038233,FG-50E,
FGT50E5619038240,FG-50E,
FGT50E5619038241,FG-50E,
FGT50E5619038242,FG-50E,
FGT50E5619038246,FG-50E,
FGT50E5619038247,FG-50E,
FGT50E5619038518,FG-50E,
FGT50E5619038816,FG-50E,
FGT50E5619038877,FG-50E,
FGT50E5619038910,FG-50E,
FGT50E5619039092,FG-50E,
FGT50E5619039134,FG-50E,
FGT50E5619039138,FG-50E,
FGT50E5619039145,FG-50E,
FGT50E5619039148,FG-50E,
FGT50E5619039149,FG-50E,
FGT50E5619039155,FG-50E,
FGT50E5619039252,FG-50E,
FGT50E5619039275,FG-50E,
FGT50E5619039361,FG-50E,
FGT50E5619039388,FG-50E,
FGT50E5619039395,FG-50E,
FGT50E5619039414,FG-50E,
FGT50E5619039424,FG-50E,
FGT50E5619039425,FG-50E,
FGT50E5619039429,FG-50E,
FGT50E5619039430,FG-50E,
FGT50E5619039432,FG-50E,
FGT50E5619039435,FG-50E,
FGT50E5619039436,FG-50E,
FGT50E5619039437,FG-50E,
FGT50E5619039456,FG-50E,
FGT50E5619039457,FG-50E,
FGT50E5619039458,FG-50E,
FGT50E5619039469,FG-50E,
FGT50E5619039472,FG-50E,
FGT50E5619039475,FG-50E,
FGT50E5619039480,FG-50E,
FGT50E5619039495,FG-50E,
FGT50E5619039500,FG-50E,
FGT50E5619039501,FG-50E,
FGT50E5619039503,FG-50E,
FGT50E5619039506,FG-50E,
FGT50E5619039509,FG-50E,
FGT50E5619039510,FG-50E,
FGT50E5619039527,FG-50E,
FGT50E5619039539,FG-50E,
FGT50E5619039555,FG-50E,
FGT50E5619039586,FG-50E,
FGT50E5619039589,FG-50E,
FGT50E5619039590,FG-50E,
FGT50E5619039595,FG-50E,
FGT50E5619039601,FG-50E,
FGT50E5619039606,FG-50E,
FGT50E5619039616,FG-50E,
FGT50E5619039617,FG-50E,
FGT50E5619039620,FG-50E,
FGT50E5619039652,FG-50E,
FGT50E5619039655,FG-50E,
FGT50E5619039667,FG-50E,
FGT50E5619039725,FG-50E,
FGT50E5619039793,FG-50E,
FGT50E5619039799,FG-50E,
FGT50E5619052151,FG-50E,
FGT50E5619052246,FG-50E,
FGT50E5619052299,FG-50E,
FGT50E5619052379,FG-50E,
FGT50E5619052481,FG-50E,
FGT50E5619053391,FG-50E,
FGT50E5619053663,FG-50E,
FGT50E5619061777,FG-50E,
FGT50E5619062184,FG-50E,
FGT50E5619062304,FG-50E,
FGT50E5619062493,FG-50E,
FGT50E5620018533,FG-50E,
FGT50E5620027016,FG-50E,
FGT50E5620027141,FG-50E,
FGT50E5620027404,FG-50E,
FGT60E4Q16010723,FG-60E,
FGT60E4Q16049979,FG-60E,
FGT60ETK18027636,FG-60E,
FGT60ETK19085774,FG-60E,
FGT60ETK19099JM5,FG-60E,
FGT60ETK19099PNQ,FG-60E,
FGT60FTK2109BH1H,FG-60E,
FGT60FTK2109CTR6,FG-60F,
FGT60FTK2109CUVF,FG-60F,
FGT60FTK2109CUZW,FG-60F,
FGT60FTK2109CUZX,FG-60F,
FGT60FTK2109CV2F,FG-60F,
FGT60FTK2109CV2K,FG-60E,
FGT60FTK2109CV3N,FG-60F,
FGT60FTK2109CV4F,FG-60F,
FGT60FTK2109CV59,FG-60F,
FGT60FTK2109CV69,FG-60F,
FGT60FTK2109CV71,FG-60F,
FGT60FTK2109CV81,FG-60F,
FGT60FTK2109CV88,FG-60F,
FGT60FTK2109CVG8,FG-60F,
FGT60FTK2109CVHB,FG-60F,
FGT60FTK2109CVN9,FG-60F,
FGT60FTK2109CVNA,FG-60F,
FGT60FTK2109CVQ6,FG-60F,
FGT60FTK2109CVSY,FG-60F,
FGT60FTK2109CVZD,FG-60F,
FGT60FTK2109CWFY,FG-60F,
FGT60FTK2109CWJ8,FG-60F,
FGT60FTK2109CX6U,FG-60F,
FGT60FTK2109CX9Q,FG-60E,
FGT60FTK2109CYMN,FG-60F,
FGT60FTK2109CZHY,FG-60E,
FGT60FTK2109D1ZB,FG-60E,
FGT60FTK22013591,FG-60F,
FGT60FTK22014362,FG-60F,
FGT60FTK22015696,FG-60F,
FGT60FTK22015719,FG-60F,
FGT60FTK22015923,FG-60F,
FGT60FTK22015929,FG-60F,
FGT60FTK22023481,FG-60F,
FGT60FTK22023485,FG-60F,
FGT60FTK22023487,FG-60F,
FGT60FTK22023535,FG-60F,
FGT60FTK22023568,FG-60F,
FGT60FTK22023602,FG-60F,
FGT60FTK22023616,FG-60F,
FGT60FTK22023705,FG-60F,
FGT60FTK22023741,FG-60F,
FGT60FTK22024015,FG-60F,
FGT60FTK22024088,FG-60F,
FGT60FTK22024107,FG-60F,
FGT60FTK22024119,FG-60F,
FGT60FTK22024161,FG-60E,
FGT60FTK22024306,FG-60F,
FGT60FTK22024793,FG-60F,
FGT60FTK22024920,FG-60F,
FGT60FTK22024954,FG-60F,
FGT60FTK22025031,FG-60F,
FGT60FTK22025054,FG-60F,
FGT60FTK22025290,FG-60F,
FGT60FTK22025787,FG-60F,
FGT60FTK2209GUM2,FG-60F,
FGT60FTK2209GUMX,FG-60F,
FGT60FTK2209GUN4,FG-60F,
FGT60FTK2209GUPF,FG-60F,
FGT60FTK2209GUTC,FG-60F,
FGT60FTK2209GUU0,FG-60F,
FGT60FTK2209GUUH,FG-60F,
FGT60FTK2209GUVF,FG-60F,
FGT60FTK2209GUVW,FG-60F,
FGT60FTK2209GUW9,FG-60F,
FGT60FTK2209JFE4,FG-60E,
FGT60FTK2209JFL6,FG-60F,
FGT60FTK2209JFL7,FG-60F,
FGT60FTK2209JFLB,FG-60F,
FGT60FTK2209JFMW,FG-60F,
FGT60FTK2209JFN4,FG-60F,
FGT60FTK2209JFPY,FG-60F,
FGT60FTK2209JFQC,FG-60E,
FGT60FTK2209JFQE,FG-60F,
FGT60FTK2209JFQY,FG-60F,
FGT60FTK2209JFQZ,FG-60F,
FGT60FTK2209JFR1,FG-60F,
FGT60FTK2209JFRA,FG-60F,
FGT60FTK2209JFRY,FG-60F,
FGT60FTK2209JFS4,FG-60F,
FGT60FTK2209JFSG,FG-60F,
FGT60FTK2209JFSZ,FG-60F,
FGT60FTK2209JFU7,FG-60F,
FGT60FTK2209JFUV,FG-60F,
FGT60FTK2209JFUY,FG-60F,
FGT60FTK2209JFV4,FG-60F,
FGT60FTK2209JFV5,FG-60F,
FGT60FTK2209JFVH,FG-60F,
FGT60FTK2209JG14,FG-60F,
FGT60FTK2209JG1S,FG-60F,
FGT60FTK2209JG1T,FG-60F,
FGT60FTK2209JG2C,FG-60F,
FGT60FTK2209JG2E,FG-60F,
FGT60FTK2209JG2S,FG-60F,
FGT60FTK23080877,FG-60F,
FGT60FTK23080944,FG-60F,
FGT60FTK23080980,FG-60F,
FGT60FTK23080985,FG-60F,
FGT60FTK23080997,FG-60F,
FGT60FTK23081063,FG-60F,
FGT60FTK23081167,FG-60F,
FGT60FTK23081238,FG-60F,
FGT60FTK23081242,FG-60F,
FGT60FTK23081298,FG-60F,
FGT60FTK23081346,FG-60F,
FGT60FTK23081348,FG-60F,
FGT60FTK23081431,FG-60F,
FGT60FTK23081439,FG-60F,
FGT60FTK23081500,FG-60E,
FGT60FTK23081559,FG-60F,
FGT60FTK23081561,FG-60F,
FGT60FTK23081660,FG-60F,
FGT60FTK23081750,FG-60F,
FGT60FTK23081751,FG-60F,
FGT60FTK23081893,FG-60F,
FGT60FTK23081985,FG-60F,
FGT60FTK23085133,FG-60F,
FGT60FTK23099GTY,FG-60F,
FGT60FTK23099GU0,FG-60F,
FGT60FTK23099GX5,FG-60F,
FGT60FTK23099HCG,FG-60F,
FGT60FTK23099HHE,FG-60F,
FGT60FTK23099HV9,FG-60F,
FGT61ETK20009586,FG-61E,
FGT61FTK21000871,FG-61E,
FGT61FTK21000974,FG-61E,
FGT61FTK22047032,FG-61F,
FGT61FTK22049882,FG-61F,
FGT80FTK22023772,FG-80F,
FGT80FTK22024201,FG-80F,
FGT80FTK22024636,FG-80F,
FGT80FTK22026862,FG-80F,
FGT80FTK22027244,FG-80F,
FGT80FTK22027299,FG-80F,
FGT80FTK22027942,FG-80F,
FGT80FTK22028079,FG-80F,
FGT80FTK22028226,FG-80F,
FGT80FTK22028351,FG-80F,
FGT80FTK22028498,FG-80F,
FGT80FTK22028539,FG-80F,
FGT80FTK22028863,FG-80F,
FGT80FTK22028864,FG-80F,
FGT80FTK22028885,FG-80F,
FGT80FTK22038787,FG-80F,
FGT80FTK22050465,FG-80F,
FGT80FTK22050838,FG-80F,
FGT80FTK22050884,FG-80F,
FGT80FTK22063892,FG-80F,
FGT80FTK22064097,FG-80F,
FGT80FTK22064122,FG-80F,
FGT80FTK22064234,FG-80F,
FGT80FTK22064248,FG-80F,
FGT80FTK22064287,FG-80F,
FGT80FTK22064788,FG-80F,
FGT80FTK22065254,FG-80F,
FGT80FTK22065293,FG-80F,
FGT80FTK23017322,FG-80F,
FGT80FTK23017329,FG-80F,
FGT80FTK23017345,FG-80F,
FGT80FTK23017366,FG-80F,
FGT80FTK23017720,FG-80F,
FGT80FTK23017748,FG-80F,
FGT80FTK23017878,FG-80F,
FGT80FTK23017924,FG-80F,
FGT80FTK23017988,FG-80F,
FGT80FTK25000712,FG-80F,
FGT80FTK25000799,FG-80F,
FGT80FTK25000807,FG-80F,
FGT80FTK25000935,FG-80F,
FGT80FTK25001138,FG-80F,
FGT80FTK25001159,FG-80F,
FGT80FTK25001253,FG-80F,
FGT81FTK21005094,FG-81F,
FGVMSLTM24002234,Fortigate-VM02,
FKC06002210024,FW-600,
FKC06002210053,FW-600,
FKC06002210098,FW-600,
FKC1600201D031,FW-1600,
FZC00601810214,FW-60S,
FZC00601810349,FW-60S,
JTK8UA0062880,BLUEMAX NGF-100,
JTMBUA0060009,BLUEMAX NGF-100,
JTN1UA0060407,BLUEMAX NGF-100,
JTN1UA0060422,BLUEMAX NGF-100,
JTN1UA0060425,BLUEMAX NGF-100,
JTN1UA0060500,BLUEMAX NGF-100,
JTN2UA0060016,BLUEMAX NGF-100,
JTN3UA0060160,BLUEMAX NGF-100,
JTN4UA0060057,BLUEMAX NGF-100,
JTN4UA0060067,BLUEMAX NGF-100,
JTN4UA0060078,BLUEMAX NGF-100,
JTO4UA0150017,BLUEMAX NGF-510,
JTO6UA0140192,BLUEMAX NGF-310,
JTP4UA0140024,BLUEMAX NGF-310,
JTP4UA0140090,BLUEMAX NGF-310,
M110-q-X0001-0415,Neo-M110Q,
M110-q-X0001-1828,Neo-M110Q,
NKC35002220001,VForce3500,
NZT04002011626,VForce400,
NZT04002222103,VForce400,
NZT04002222864,VForce400,
NZT05122320946,VForce 500,
NZT15081440572,VForce1500,
S232L37100865,Zyxel flex 200,
TSCAB2005571,BLUEMAX NGF-500,
TSCCB2002263,BLUEMAX NGF-500,
TSCCC2002565,BLUEMAX NGF-300,
TSCD12000079,BLUEMAX NGF-300,
TSCD12000141,BLUEMAX NGF-300,
TSCD62002354,BLUEMAX NGF-300,
UFW00172320439,Vforce UTM 7US,
UFW00712310002,VForce70us,
UFW00712310009,VForce70us,
UFW00712310012,VForce70us,
UFW00712310373,VForce70us,
UFW00712310458,VForce70us,
V240111D00016,AIWAF VE-04,
Webshield_BIFF,WebShield,
Webshield_hairnury,WebShield,
Webshield_KWLIFE,WebShield,
FGT40FTK2409AA5L,FG-40F,
FGT40FTK2409A9R2,FG-40F,
FG100FTK24013797,FG-100F,
FGT40FTK2409ALPG,FG-40F,
FGT40FTK2409AMB7,FG-40F,
FGT40FTK2409AMA9,FG-40F,
FG101FTK24014265,FG-101F,
FG200FT924903148,FG-200F,
FGT80FTK25000994,FG-80F,
FGT80FTK25001087,FG-80F,
FGT80FTK25001208,FG-80F,
FGT80FTK25000821,FG-80F,
FGT80FTK25001827,FG-80F,
FGT80FTK25001158,FG-80F,
FGT80FTK25000891,FG-80F,
FGT80FTK25000734,FG-80F,
FG100FTK24024037,FG-100F,
FG100FTK24024067,FG-100F,
FG100FTK24024159,FG-100F,
FG200FT924903150,FG-200F,
FG200FT924903674,FG-200F,
FG200FT924903155,FG-200F,
FGT40FTK2409DCB6,FG-40F,
FGT40FTK2409DWS1,FG-40F,
FGT40FTK2409DWX5,FG-40F,
FGT40FTK2409DWTL,FG-40F,
FGT40FTK2409DCGC,FG-40F,
FGT40FTK2409DCM1,FG-40F,
FGT40FTK2409DWVX,FG-40F,
FGT40FTK2409DXSG,FG-40F,
FGT40FTK2409DWT7,FG-40F,
FGT40FTK2409DWQM,FG-40F,
FGT40FTK2409DWVR,FG-40F,
FGT40FTK2409DAE0,FG-40F,
FGT40FTK2409DWNM,FG-40F,
FGT40FTK2409DD4P,FG-40F,
FGT40FTK2409DCGE,FG-40F,
FGT40FTK2409DD85,FG-40F,
FGT40FTK2409D95U,FG-40F,
FGT40FTK2409DWQE,FG-40F,
FGT40FTK2409DWSN,FG-40F,
FGT40FTK2409D9EV,FG-40F,
FGT60FTK2209E7FF,FG-60F,
FGT60FTK2209E7FV,FG-60F,
FGT60FTK2209E7EX,FG-60F,
FGT60FTK2209E7FR,FG-60F,
FGT60FTK2209E7EG,FG-60F,
FGT60FTK2209E7FD,FG-60F,
FGT60FTK2209E7E7,FG-60F,
FGT60FTK2209E7FW,FG-60F,
FGT60FTK2209E7EC,FG-60F,
FGT60FTK2209E7EL,FG-60F,
FGT40FTK25019824,FG-40F,
FGT40FTK25082353,FG-40F,
FGT40FTK25019926,FG-40F,
FGT40FTK2309EDDM,FG-40F,
FGT40FTK25019714,FG-40F,
FGT40FTK25081300,FG-40F,
FGT40FTK25072746,FG-40F,
FGT40FTK2309EDD1,FG-40F,
FGT40FTK25073560,FG-40F,
FGT40FTK25072788,FG-40F,
FGT40FTK25025204,FG-40F,
FGT40FTK25081544,FG-40F,
FGT40FTK25019581,FG-40F,
FGT40FTK25019651,FG-40F,
FGT40FTK25071543,FG-40F,
FGT40FTK25019576,FG-40F,
FGT40FTK25025110,FG-40F,
FGT40FTK25020389,FG-40F,
FGT40FTK25022956,FG-40F,
FGT40FTK25083260,FG-40F,
FGT40FTK25085000,FG-40F,
FGT40FTK25047916,FG-40F,
FGT40FTK25048461,FG-40F,
FGT40FTK25067574,FG-40F,
FGT40FTK25082239,FG-40F,
FGT40FTK25082382,FG-40F,
FGT40FTK25082217,FG-40F,
FGT40FTK25070179,FG-40F,
FGT40FTK25071238,FG-40F,
FGT40FTK25071493,FG-40F,
FGT40FTK25047486,FG-40F,
FGT40FTK25083620,FG-40F,
FGT40FTK25074586,FG-40F,
FGT40FTK25048133,FG-40F,
FGT40FTK25048107,FG-40F,
FGT40FTK25085911,FG-40F,
FGT40FTK25083431,FG-40F,
FGT40FTK25082877,FG-40F,
FGT40FTK25073025,FG-40F,
FGT40FTK25077630,FG-40F,
FGT60FTK25034897,FG-60F,
FGT60FTK25046788,FG-60F,
FGT60FTK25047709,FG-60F,
FGT60FTK25047935,FG-60F,
FGT60FTK25046881,FG-60F,
FGT60FTK25034613,FG-60F,
FGT60FTK25034593,FG-60F,
FGT60FTK25034829,FG-60F,
FGT60FTK25034480,FG-60F,
FGT60FTK25035075,FG-60F,
